zcmb,mb,dmb,errors
0.503084,23.001698,0.088031,0.12021869331389358
0.580724,23.573937,0.090132,0.12143531375032553
0.494795,22.960139,0.08811,0.08955244682341738
0.345928,22.398137,0.087263,0.11972923388730089
0.677662,24.078115,0.098356,0.10008802028780968
0.610712,23.285241,0.092877,0.1236118272781371
0.866494,24.353678,0.106037,0.10818058279785242
0.330932,21.861412,0.086437,0.11933290641901755
0.798566,24.510389,0.101777,0.13058524482953654
0.449562,22.667126,0.091912,0.12227122951982612
0.371443,22.273052,0.091326,0.12258633770555348
0.291718,21.961068,0.093479,0.12389292881746723
0.35582,22.926619,0.087008,0.11895370390891576
0.461274,22.575127,0.095948,0.1253150368598677
0.28361,21.256943,0.086683,0.11962872073783118
0.632234,23.73918,0.093125,0.09445204581290445
0.466414,23.789546,0.09035,0.12187011896863809
0.268624,21.058469,0.086242,0.11943276104917779
0.94689,24.460375,0.115036,0.11776466804108524
0.924917,24.705851,0.125384,0.15021506132002876
0.693165,24.03207,0.100242,0.1297123204391549
0.625233,23.386939,0.091453,0.1226497911095653
0.896944,24.333328,0.109618,0.1373094265449754
0.608261,23.24535,0.090819,0.12195555288239235
0.789054,24.222261,0.099608,0.15186215676329637
0.578292,23.324299,0.090072,0.0919290016898367
0.59028,23.431058,0.092935,0.12364621936537323
0.719626,23.898687,0.095665,0.1261516396509772
0.210032,21.056779,0.085765,0.12048958351509062
0.76659,24.132026,0.096641,0.12669068342257847
0.858513,24.246115,0.101579,0.10358731535250347
0.367904,22.156621,0.086082,0.08842726925616894
0.558746,23.699983,0.089573,0.12115552768689508
0.848509,24.295329,0.10052,0.10244857651332692
0.99639,24.617672,0.112483,0.13982488887701647
0.776594,24.397768,0.098366,0.12806571006674658
0.582932,23.273246,0.09012,0.09145111663682408
0.583743,23.335798,0.089495,0.1450218396407934
0.796552,24.128917,0.098413,0.09996616800072912
0.588721,23.396414,0.091211,0.1223204354320242
0.913473,24.343967,0.104751,0.1555991218779849
0.768587,24.546176,0.097274,0.12704358304983374
0.948455,24.677344,0.112213,0.1394355449561553
0.513793,23.572554,0.090087,0.12162961150427144
0.733609,23.98538,0.094433,0.09609278005740078
0.637701,24.012142,0.100758,0.1298470782440637
0.765588,24.244208,0.09633,0.12642949107150595
0.434861,22.556493,0.087188,0.14375567943458792
0.983407,24.760473,0.114131,0.1410170472667046
0.583743,23.564276,0.091595,0.12250585515317217
0.700631,23.857842,0.094362,0.1250311307986535
0.662058,24.072652,0.093186,0.1238909687060764
0.838126,24.337904,0.113632,0.14002433825346222
0.621874,23.581303,0.092366,0.09323378810439378
0.370586,22.462924,0.095747,0.1258485153491689
0.416632,22.546572,0.087194,0.11927242656540529
0.35857,22.425017,0.086485,0.08788322352633067
0.451681,22.903257,0.088233,0.11987638943407497
0.522762,23.329087,0.089115,0.12054727545942297
0.733996,24.211821,0.1029,0.10417607170835826
0.701965,24.226777,0.100028,0.12923667657836146
0.742008,24.094212,0.103483,0.13178713999157884
0.746118,23.855911,0.095641,0.12565279180463917
0.34956,22.510167,0.089792,0.1212567549336943
0.591835,23.386183,0.090444,0.12145766886471188
0.514746,23.776721,0.090306,0.12134057394849423
0.620632,23.784306,0.093091,0.12323307537288843
0.643646,23.786478,0.094148,0.1476751972069108
1.002795,25.039369,0.13731,0.16022498297700016
0.470586,23.532383,0.087988,0.11931817775980322
0.610643,23.559958,0.090588,0.12132498975619162
0.263487,21.66648,0.08555,0.1181227460070244
0.358336,22.515607,0.086303,0.11840004279268652
0.742697,24.096172,0.097111,0.1266274945640164
0.451556,23.241924,0.087828,0.0884024712502654
0.910752,24.654449,0.112202,0.13915713198158405
0.552605,23.48813,0.089654,0.12071734762369492
0.337534,21.966214,0.086047,0.1181473467743563
0.750681,23.808932,0.099406,0.10043312728743439
0.983777,24.982708,0.14188,0.1432931807025617
0.822697,24.373493,0.100111,0.10148990696750097
0.813696,24.296809,0.099177,0.15121098264742544
0.950763,24.595947,0.112327,0.1605928953453421
0.817732,24.272419,0.101608,0.13482247703432096
0.34052,22.137345,0.0859,0.11806964092716637
0.960751,24.586694,0.116274,0.14246374146209975
0.81072,24.233543,0.105587,0.1554626687841811
0.756687,24.054929,0.095935,0.13294042528268069
0.611252,24.015491,0.095195,0.12520906312619706
0.877971,24.329232,0.103099,0.10521919155872658
0.548325,23.336908,0.09145,0.09284236360648086
0.809032,24.395023,0.101626,0.10318630716601887
1.0288,24.58883,0.1248,0.15020616118631752
0.627239,23.512839,0.092195,0.09362676724215142
0.422452,22.726347,0.08807,0.14446459445310467
0.9339,24.815885,0.126556,0.12827968340499987
0.701158,23.921414,0.094504,0.12514978758883294
0.697164,23.589462,0.093324,0.12436149391178124
0.685179,24.117729,0.0983,0.1281673960192685
0.767075,24.198308,0.101187,0.13030829673409133
0.931901,24.398812,0.111047,0.1384580964850738
0.863978,24.398482,0.1039,0.13281591897622816
0.7491,23.830175,0.096075,0.09747686652960794
0.514353,22.880762,0.088897,0.12189426307033485
0.468406,22.634969,0.087451,0.08878502655938106
0.470398,23.758954,0.088446,0.12038376702213634
0.958871,24.773087,0.125337,0.1271789985017259
0.927909,24.759723,0.121275,0.14674895609475386
0.840522,24.254281,0.101288,0.10298987406315244
0.630699,23.700974,0.091576,0.1226971918413376
0.562751,23.506645,0.090329,0.12175744510558688
0.615698,24.070744,0.092238,0.1230584398891031
0.828528,24.361588,0.100853,0.1025942085921179
0.564741,23.285141,0.089709,0.1213311796476487
0.578745,23.278595,0.089343,0.12092473817321252
0.557743,23.522028,0.090291,0.12188629440117539
0.864497,24.277329,0.102986,0.10505957751904867
0.735608,24.300208,0.096764,0.09829745694857014
0.858507,24.622355,0.106173,0.13453577948151935
0.261984,21.189797,0.08739,0.08972283487389372
0.585743,24.087789,0.092677,0.14712427642404907
0.76158,24.040031,0.096723,0.12663419116976268
0.4888,22.868484,0.08839,0.08992748519785816
0.858516,24.427101,0.11645,0.11822889019348021
0.688656,23.604428,0.092298,0.09403397194801462
0.558743,24.148746,0.092898,0.09416843918724044
0.324532,21.993375,0.086121,0.1185225001445717
0.480704,22.671051,0.087736,0.08871118850986046
0.185371,20.758955,0.085522,0.12113828252509609
0.922221,24.664061,0.117413,0.14338922027457296
0.681942,23.499419,0.094158,0.12463606905739608
0.475707,22.715329,0.087947,0.08879902138349836
0.92221,24.380224,0.117626,0.14363077415393957
0.893183,24.576,0.106138,0.1343716170205226
0.428646,23.396803,0.089103,0.12059084665346703
0.631882,23.605938,0.097524,0.12687075262064934
0.69996,24.456174,0.097048,0.12689447193286238
0.736007,24.383943,0.104933,0.13291666794510762
0.575823,23.652601,0.091807,0.12244594153817431
0.418633,22.46895,0.087692,0.08891947773043317
0.511746,22.907226,0.088554,0.0894216028349414
0.535771,22.991731,0.091256,0.09224176178831907
0.641893,23.677878,0.093291,0.14731237259442942
0.734996,24.000974,0.095665,0.1258124633044755
0.35156,22.684908,0.086351,0.1187499775226505
0.60986,23.927615,0.091831,0.12241589186988755
0.349557,22.228291,0.086821,0.11910654012731627
0.701969,23.957522,0.095463,0.09695354237196803
0.355261,22.387222,0.088265,0.08977477474878452
0.98328,24.666688,0.114718,0.14139391531179835
0.872152,24.426592,0.119167,0.1448703666609911
0.75903,24.106956,0.09556,0.1256197792281136
0.92622,24.811277,0.111056,0.11281800447006675
0.643642,23.6153,0.098759,0.10052833971286902
0.419569,22.938058,0.087595,0.11925323480153484
0.515587,23.62109,0.106833,0.15601069937122902
0.890729,24.223935,0.103551,0.1053054681805793
0.805696,23.903235,0.09721,0.14986040052228608
0.480568,22.948758,0.088055,0.0886320841048827
0.800697,24.207672,0.098997,0.1280646228106732
0.580604,23.516572,0.09835,0.12717690620584385
0.715652,23.992197,0.096706,0.12638634972207244
0.805695,24.393736,0.106396,0.10737017524035714
0.766684,24.298577,0.103932,0.13191818652949258
0.664638,23.512551,0.094448,0.12444127422286386
0.901736,24.408439,0.111342,0.13848105164014315
0.745665,23.919586,0.094967,0.12495318079997003
0.71868,23.72368,0.094949,0.12503827788629368
0.73669,23.691578,0.093659,0.12402282033569467
0.5796,23.295137,0.08931,0.08993117972585482
0.370531,22.62937,0.086626,0.08766551097125938
0.96074,24.718789,0.112338,0.13926943549885595
0.850729,24.140236,0.098855,0.12841709227575587
0.64864,23.974975,0.092708,0.1229992625431551
0.219462,20.852122,0.085341,0.11894890996385801
0.936755,24.494384,0.108686,0.13629101698325535
0.647639,23.898505,0.09193,0.0948014351775436
0.461564,22.975035,0.087413,0.11889929522696928
0.600603,23.845284,0.094433,0.12422435865135308
0.670654,24.064257,0.095777,0.14880253868230878
0.760698,24.031872,0.094664,0.12471175104391727
0.246492,21.50567,0.086206,0.11883458516080242
0.470573,23.023421,0.088704,0.1199128383914333
0.169455,20.293205,0.088415,0.0946483878667249
0.497379,23.102539,0.088758,0.09039569050965317
0.638234,23.888138,0.097915,0.09932330717273263
0.507371,23.559122,0.089015,0.120871900611722
0.535327,22.871803,0.08873,0.12066239374233383
0.587285,23.613598,0.091452,0.12256754898177577
0.773081,24.049363,0.098805,0.1282948804100148
0.699166,24.107325,0.094894,0.1255782458776599
0.370511,22.212225,0.086476,0.11946844083212939
0.761089,24.081977,0.09585,0.12601800188631782
0.699169,23.733171,0.094016,0.12503021650597107
0.78806,23.975847,0.096033,0.0975838672143198
0.373513,22.144613,0.086768,0.1195652214137121
0.405478,22.801779,0.086962,0.1195204232238156
0.852994,24.43276,0.101921,0.1535765837463511
0.808048,24.608413,0.101592,0.1030722756285559
0.603272,23.829442,0.092267,0.12393010331670833
0.58329,23.712643,0.090793,0.14593928004139256
0.534335,23.294733,0.090128,0.12168853651236011
0.72014,24.235443,0.098164,0.1279334907684458
0.400485,22.587347,0.087548,0.1430667123404323
0.837004,24.189244,0.100539,0.10237853933300671
0.371508,22.438189,0.086225,0.08840750385274997
0.806041,24.46554,0.105158,0.10650533326864904
0.840005,24.190851,0.103903,0.10575864923649034
0.500728,23.276559,0.089131,0.09011940092811314
0.532765,23.313086,0.08987,0.14524745467236252
0.533766,23.454678,0.09473,0.12481410347060143
0.932229,24.775178,0.130385,0.13187962769065584
0.822103,24.189188,0.104677,0.10606839195575656
0.553797,23.411247,0.091857,0.092842739772483
0.125298,19.752286,0.085713,0.12858985104497944
0.842123,24.283047,0.112024,0.13893605961423405
0.443668,22.994747,0.091594,0.12232447736908586
0.727675,23.946563,0.099419,0.12845210131944126
0.683659,24.054688,0.115261,0.18793888217529656
0.442548,22.663818,0.08709,0.1187235980541358
0.726679,23.896775,0.094974,0.09612541055228842
0.28251,22.151638,0.085709,0.11801609406894469
0.404549,22.602742,0.086483,0.11844714668340474
0.519611,22.873755,0.088502,0.1198911877424275
0.690652,24.378431,0.095502,0.12556086140625192
1.060801,24.70787,0.132013,0.13485509377743207
0.576612,23.456685,0.090075,0.1209453571900137
0.268489,21.711856,0.08555,0.11799111362933228
0.72068,23.914145,0.098773,0.12795949730418607
0.250498,21.864224,0.086012,0.11862208942528368
0.760691,23.906693,0.101218,0.1298030250179864
0.698167,23.730103,0.101565,0.1032982734599761
0.550315,23.219524,0.089299,0.1449428041032048
0.730128,23.905124,0.096543,0.1266246706561561
0.847985,24.196452,0.110575,0.11241341687925868
0.997826,24.529085,0.115855,0.14253011504808377
0.435446,22.524456,0.086944,0.11927659395065739
0.40947,22.557433,0.086547,0.11923928969693673
0.30159,21.442454,0.086081,0.1191326891755995
1.299106,25.691231,0.128055,0.15191592315695548
1.020807,24.965297,0.118836,0.16494302283515966
0.839734,24.362709,0.112754,0.1391263910220487
1.12085,25.147113,0.121686,0.12267333480318778
1.230892,26.046776,0.128558,0.17187456349820934
0.97423,24.886143,0.118033,0.14363830629146251
0.970782,25.020075,0.118744,0.14422978196211766
0.064229,18.347945,0.112975,0.1400862558971793
0.12903,20.336945,0.115931,0.15075265033574037
0.10289,19.156988,0.114221,0.15539613966698143
0.04413,17.531728,0.11486,0.16671789978313667
0.11304,19.114133,0.112246,0.1406007876745717
0.25611,21.537919,0.12482,0.12946104363568217
0.38026,22.200281,0.138121,0.1609898383891356
0.14547,20.28342,0.113737,0.14017413458702002
0.08889,19.115082,0.11251,0.1456261833373724
0.26059,21.218177,0.120435,0.1268099928797017
0.07891,19.149702,0.117766,0.16047075968724023
0.08304,19.38627,0.115125,0.1420823897212107
0.16565,20.412042,0.118455,0.12280307477127762
0.16817,20.17402,0.116716,0.16019826298184384
0.17063,20.781976,0.114853,0.14484016187073254
0.17028,20.134725,0.112043,0.16300018639375846
0.12044,20.209823,0.113463,0.14680190708216292
0.27653,21.365495,0.126014,0.1701175310918895
0.2316,21.098958,0.118789,0.1444173525098698
0.30569,21.588074,0.1459,0.1768533989353046
0.07997,19.019822,0.112109,0.1614082319121302
0.17415,20.351422,0.118918,0.14582151161965096
0.13868,19.897068,0.116765,0.1586436425174359
0.14607,20.061964,0.117074,0.1516429089708121
0.08133,18.915623,0.111814,0.14163609524446796
0.2338,20.793051,0.115605,0.11692112875244148
0.25655,21.306745,0.12587,0.12699591234122065
0.24562,21.151867,0.115338,0.14207568992522965
0.12593,19.89021,0.157613,0.19583057350296454
0.22351,21.236545,0.1168,0.15429892756399832
0.10264,19.206141,0.113322,0.14186595889810916
0.11967,19.578968,0.112171,0.1421197759336469
0.18055,20.67432,0.118342,0.14725542639868996
0.19709,20.348239,0.116183,0.16341363422768615
0.22916,21.093432,0.122097,0.17398801385842647
0.26451,21.53541,0.119638,0.12323392871768715
0.10337,19.373517,0.111598,0.11692396477698659
0.36441,22.299562,0.131873,0.1333525546538348
0.2056,20.662469,0.113718,0.14010121820776578
0.17981,21.151747,0.120493,0.16823542398763705
0.19959,20.849845,0.115206,0.16553689296347204
0.15653,20.298025,0.113012,0.14092319877529036
0.1618,20.328307,0.120879,0.13343279452001294
0.20953,21.86497,0.131221,0.1589418383907774
0.24179,21.801057,0.122422,0.14800977224930117
0.23646,21.461512,0.117789,0.1202519938900391
0.22668,21.06808,0.115846,0.13844641591478632
0.29678,21.38185,0.117785,0.14823634456434764
0.20852,20.762042,0.114386,0.1438519506397115
0.25104,21.936242,0.119872,0.14679151950473843
0.25012,20.967243,0.116581,0.14459725244706415
0.11771,19.052211,0.11196,0.14162267309749524
0.21971,20.855502,0.115514,0.15510008656702937
0.14901,19.972155,0.112283,0.1458737508433234
0.28742,21.262819,0.118845,0.1457717656896218
0.1436,19.837994,0.111766,0.16198557020179297
0.32837,21.644732,0.134054,0.1366548612474946
0.24625,21.07527,0.114566,0.1410451020166599
0.11966,20.319989,0.113363,0.14725613373146804
0.32838,22.190461,0.136536,0.168924820472126
0.21513,21.433042,0.120494,0.15609593756786241
0.14478,20.466614,0.114439,0.14003450243090093
0.13243,20.147341,0.112393,0.15232291395256328
0.21082,20.480731,0.11447,0.15990993387873062
0.20399,20.912346,0.114245,0.14450789445355572
0.27952,21.349608,0.121901,0.1349501812388557
0.04428,17.546294,0.113705,0.14167988775052018
0.18037,20.228837,0.112763,0.14340528122715704
0.2607,21.261083,0.117389,0.14989184749842133
0.05654,17.780075,0.122398,0.17321110191815073
0.2126,21.246133,0.116607,0.16345660317650065
0.36941,22.210028,0.131466,0.15512268950985217
0.17386,20.452267,0.112491,0.11452672950133082
0.14265,19.708683,0.112226,0.17204959429856265
0.17789,20.15261,0.112906,0.17253621342402295
0.32837,21.823069,0.124052,0.15921280449263495
0.25351,21.384596,0.123692,0.14915838015445193
0.30001,21.706687,0.119386,0.1458402611474623
0.10589,19.370566,0.112285,0.14401425346829388
0.22328,20.941812,0.115872,0.142082819550465
0.11845,19.436663,0.111824,0.1281084116369413
0.17653,20.178782,0.11256,0.17065737371763343
0.1828,20.867304,0.115225,0.17358428979403637
0.29762,21.845816,0.131068,0.1547939835170928
0.19699,20.684448,0.114008,0.14494582579050008
0.15295,19.761456,0.111718,0.14143597113680098
0.2485,21.203185,0.117491,0.14422981178203068
0.13818,19.659001,0.11186,0.13455585321452945
0.20704,21.801005,0.117479,0.1275670472058909
0.21468,20.730053,0.114437,0.16295447184044998
0.30632,21.733825,0.127264,0.16227774801401454
0.24695,21.056951,0.114812,0.14223523600282736
0.19801,20.948974,0.115064,0.11702607673770833
0.22256,21.024295,0.11527,0.11712551502043012
0.13508,20.461573,0.113196,0.14035725368416127
0.21054,20.791873,0.11424,0.1670306446347496
0.27258,21.161073,0.11421,0.1427557116224076
0.2466,20.665733,0.114128,0.14519948012289852
0.22068,21.520886,0.119891,0.14514979347605012
0.27447,21.436954,0.118156,0.14848459333004888
0.17656,20.504592,0.113446,0.14081838948226896
0.31088,21.860479,0.12279,0.14832649770843373
0.18435,20.641715,0.112927,0.16143923931405277
0.15935,19.907795,0.111983,0.153228265061313
0.21976,20.943822,0.114935,0.1414596183806177
0.25205,21.586693,0.11822,0.14426897533000643
0.18122,20.192003,0.112167,0.14487534189419538
0.17373,20.54928,0.114314,0.12158295553283774
0.38047,21.980928,0.12548,0.15697946024435808
0.17865,20.359333,0.113319,0.1669346622208821
0.24568,21.326555,0.120181,0.1626825530003141
0.2091,20.592027,0.115699,0.1458196601415255
0.24947,21.852696,0.131353,0.157622267791832
0.13392,19.607858,0.111798,0.16067439534816988
0.17706,20.736464,0.113873,0.14066889853560383
0.28111,21.439311,0.11753,0.15194429086563271
0.17383,21.032398,0.122163,0.13955557908944377
0.19654,21.017687,0.117701,0.14933340628586758
0.36397,22.059517,0.127982,0.15317943950739604
0.37835,22.421908,0.135103,0.13896112956902731
0.31646,21.846724,0.121555,0.14706391163541788
0.18322,20.272733,0.114206,0.14050185446441624
0.24102,21.005963,0.116005,0.1424903040561357
0.20203,20.556408,0.117009,0.14590102101202032
0.16869,20.889914,0.116161,0.14217736598291586
0.19794,20.774797,0.114551,0.16268298456476632
0.12276,19.61767,0.112478,0.13961617774684995
0.20318,20.758955,0.114994,0.1469904672529481
0.12739,20.104432,0.113191,0.14440801026591288
0.27549,21.533317,0.127184,0.15476414714290257
0.14468,20.257201,0.112388,0.1390801458030225
0.33436,21.862025,0.132618,0.17659718309531441
0.1958,20.704275,0.113084,0.14055649398985448
0.19392,21.065011,0.117691,0.14414186119431094
0.24973,21.02095,0.120462,0.1566490160384035
0.1486,19.970319,0.112448,0.14005300842513166
0.15596,20.146078,0.112725,0.13985440440937139
0.09582,19.773444,0.112716,0.14092477242663903
0.15065,20.403921,0.113842,0.1409011820738208
0.30933,22.130926,0.137464,0.14061172679039258
0.24857,21.127943,0.115731,0.14198673825963465
0.36554,22.13649,0.137024,0.164231352227399
0.11771,20.03987,0.113079,0.1164865120538597
0.19176,20.740998,0.114367,0.11672111100455221
0.18255,20.47384,0.114391,0.14155714692215296
0.23472,21.130073,0.116813,0.1452011020715752
0.24647,20.845774,0.115433,0.16505183914364602
0.28845,20.859757,0.116661,0.15089738516988954
0.2096,20.739132,0.115465,0.1691611785248022
0.19198,20.466522,0.114573,0.16364754514137997
0.11402,19.173326,0.11346,0.11567704826289872
0.11389,19.719269,0.113093,0.14468019342943939
0.1988,20.519882,0.124264,0.178893425555832
0.22058,20.764062,0.138465,0.16796166921083514
0.18257,20.59859,0.115147,0.14417317155206097
0.15895,19.93795,0.145393,0.16917610913432782
0.07849,19.240437,0.113854,0.14190545259872855
0.13864,19.983006,0.119461,0.12189238119527405
0.18079,20.579248,0.117616,0.13779388350837637
0.17757,20.428083,0.114576,0.16298115683722458
0.17066,20.55707,0.115012,0.1410100274826936
0.23381,20.863174,0.118911,0.14497020540945646
0.07153,18.172291,0.157968,0.1784531918008193
0.15463,19.970376,0.1715,0.1903972564156585
0.0901,18.818896,0.124187,0.1506553531322402
0.17658,20.397033,0.1635,0.16576483504555783
0.13045,19.653248,0.147057,0.1789687045678657
0.18204,20.680621,0.115898,0.14951875927153757
0.25617,21.318433,0.119755,0.12184759660930124
0.13811,19.554935,0.112284,0.14890146909711804
0.1707,20.780026,0.115438,0.1443048413731154
0.21674,20.709521,0.115124,0.11740766598471754
0.24555,21.091966,0.116206,0.11765433313833792
0.14382,20.04551,0.111949,0.16172960543172052
0.24862,21.302566,0.11712,0.146175377987813
0.14533,20.060753,0.119235,0.15570409860405088
0.13588,20.059419,0.113673,0.11587305617272291
0.05874,17.862299,0.114585,0.11764755116580626
0.03652,17.320514,0.115396,0.16281702052703212
0.27749,21.739047,0.136665,0.14011318598139863
0.20515,21.18231,0.131465,0.14315386106654615
0.28051,21.478247,0.122739,0.16785511872355874
0.19867,20.49004,0.114249,0.14290831989576394
0.15999,20.410888,0.113136,0.14025190466795806
0.21075,21.022641,0.116152,0.14301709718086156
0.07195,18.984126,0.112772,0.17007397925285336
0.23782,20.859375,0.116252,0.1636227118856059
0.14139,20.083504,0.113002,0.17150242979240848
0.15506,20.385861,0.118308,0.14465020560414008
0.37013,21.893176,0.138604,0.14013058524862088
0.09391,19.176568,0.11374,0.17087543825459525
0.11863,20.541778,0.127194,0.15187945447959708
0.15363,20.240999,0.115274,0.14195448210282055
0.25356,21.278008,0.120869,0.12234849019684714
0.10725,19.337775,0.111743,0.13840154827031378
0.12961,19.866162,0.113841,0.1490926630398693
0.26665,21.322503,0.120817,0.14628404439999598
0.21226,21.093299,0.115112,0.15289675637076153
0.27822,21.278193,0.117336,0.1483388253316373
0.2454,20.753569,0.114389,0.15250022781130526
0.13362,20.091364,0.113865,0.14910484270820984
0.17656,20.912797,0.113509,0.14703789456174213
0.11368,19.674591,0.111953,0.13924643064434364
0.32038,22.0083,0.12816,0.17319586845447554
0.11271,19.405852,0.112009,0.1300802070363128
0.10602,19.224685,0.111682,0.1384811327359796
0.39135,22.096499,0.148848,0.15064160759825954
0.15575,20.174029,0.111931,0.1391008720611413
0.18667,21.077159,0.114334,0.14052569405973414
0.19671,20.998833,0.118689,0.14437980169511247
0.19191,21.201846,0.114568,0.14226067318436955
0.19084,20.425403,0.112617,0.13978342322103146
0.17625,20.591414,0.113139,0.14927948874148786
0.12837,19.747603,0.112485,0.15995994562827284
0.12262,19.509318,0.11183,0.16045172445723355
0.12715,19.700776,0.111895,0.15433196874853894
0.21323,21.240608,0.117876,0.15025913368737356
0.21861,20.966724,0.114762,0.1619466804145735
0.26856,21.597167,0.118128,0.143786167819196
0.20466,20.719102,0.115117,0.14150162240638797
0.2671,21.206503,0.116111,0.14649375356348818
0.21757,21.084988,0.11934,0.15526687943280112
0.24185,20.841931,0.114848,0.16794435444545316
0.2935,21.355269,0.120303,0.15797787806620267
0.35346,21.770897,0.125157,0.15275391780471623
0.18563,20.773682,0.11449,0.1408520952319489
0.28543,21.594277,0.119195,0.14547825535794
0.19494,20.367563,0.11376,0.1415410338904941
0.07592,18.228158,0.112389,0.139607887765305
0.16357,20.518238,0.114386,0.14209496744487468
0.25721,21.465617,0.121726,0.15830242166751587
0.21955,21.280787,0.119543,0.1477507191028186
0.17558,20.292843,0.113152,0.14061403264208733
0.22667,21.43872,0.118938,0.1454585382439271
0.15322,20.209017,0.113617,0.14789572906990925
0.21025,21.64322,0.128931,0.15579549627970635
0.12164,19.946008,0.112462,0.11574827972113452
0.29135,21.541949,0.12122,0.1576057522167259
0.29448,22.400726,0.140875,0.18152150138399584
0.16455,20.24377,0.113442,0.11549983560584405
0.30702,21.831913,0.126631,0.15129152833724696
0.19863,20.711318,0.116081,0.14188606559176276
0.26821,21.593672,0.121714,0.17836941697191255
0.40128,21.991848,0.134806,0.1786943795987999
0.13668,20.268803,0.113428,0.15203032076562886
0.29542,22.241585,0.134209,0.13633221953102648
0.29192,21.507747,0.124168,0.14964317408502134
0.09007,18.477718,0.111899,0.12197830989298876
0.20557,20.820147,0.114899,0.17003575406749016
0.14582,19.800673,0.112189,0.14873342509224347
0.11767,19.195923,0.111671,0.14248155677216615
0.05499,18.010876,0.112893,0.1399164917192037
0.1742,20.50996,0.113041,0.14044953569976656
0.24495,21.379199,0.119541,0.1459430392614187
0.22452,21.145906,0.122907,0.1486592666109651
0.24558,21.379054,0.118174,0.11934995139736757
0.28351,21.246461,0.118366,0.16941596393492556
0.18056,20.90687,0.117002,0.1498349201006561
0.10391,19.26048,0.112416,0.11505899270397338
0.12961,20.554137,0.113865,0.1444443727645698
0.24352,20.934675,0.113403,0.14008082034197258
0.33136,22.047888,0.135299,0.1785546697924756
0.24348,21.41238,0.118064,0.14512186316062098
0.31468,21.289082,0.118861,0.12153036230419541
0.21865,20.772595,0.11463,0.1637691458914041
0.26014,21.301262,0.122802,0.1529088811462892
0.28243,21.510915,0.11747,0.14484765910559275
0.30041,21.668758,0.125866,0.13551333235663565
0.15186,19.681123,0.112035,0.1466659749628045
0.26357,21.267444,0.11624,0.1419527365268102
0.21382,21.110632,0.11761,0.16437268647162764
0.16284,20.750876,0.114429,0.15266326725771331
0.1244,19.953688,0.113068,0.18017117599660606
0.19465,20.622004,0.114454,0.12138331034219656
0.20554,20.612992,0.114345,0.16791623787829454
0.10667,19.481026,0.112607,0.1396255759631451
0.18772,21.111734,0.118492,0.1441460770183844
0.16387,20.274432,0.113522,0.14092678050402627
0.29021,21.340912,0.116557,0.14882687117849383
0.09401,18.639465,0.112725,0.1303735779100965
0.22786,21.000868,0.11565,0.1427618546881134
0.10751,19.591919,0.112402,0.13950471142273296
0.31065,21.379309,0.124489,0.15532614859514157
0.14564,20.358304,0.114307,0.14380934663098224
0.08784,18.825522,0.112907,0.11837672471149048
0.14839,19.741298,0.11378,0.1408467871592391
0.28662,21.604938,0.11978,0.14613430321228482
0.12281,19.555089,0.129766,0.13108423180759765
0.18655,20.476939,0.121972,0.1684427116749193
0.12893,19.928783,0.113756,0.140716048140253
0.19422,20.982429,0.11684,0.1479004151807898
0.148,19.597186,0.111944,0.13988364581730062
0.21179,21.774529,0.124547,0.1693153161308805
0.17962,20.567619,0.113572,0.16191393129283224
0.26349,21.149878,0.115945,0.14390672488087553
0.19215,20.644093,0.114217,0.14401141568170905
0.3388,21.773378,0.129777,0.15378202799712976
0.11741,19.784621,0.112518,0.14878739156175164
0.1431,19.815354,0.112072,0.17311825560494767
0.16035,20.253587,0.114045,0.1167393622368822
0.28872,21.563138,0.124095,0.15170011324738686
0.12303,19.970954,0.119632,0.154162235900463
0.26405,21.371914,0.117962,0.12039465233782189
0.12608,20.042918,0.113495,0.17361226162716734
0.17374,20.242601,0.112831,0.1420206342918169
0.1644,20.259822,0.11306,0.1420443578123045
0.24961,21.547293,0.118164,0.12067494244274576
0.15999,20.351465,0.113095,0.14079455785871128
0.24448,20.797565,0.115275,0.1325936570248743
0.24851,20.952989,0.116195,0.14582227232292055
0.22893,20.806588,0.115979,0.14630083942414684
0.08528,18.765187,0.111932,0.13966186605358671
0.062818,18.039954,0.112357,0.13957658642394147
0.27745,21.898888,0.128283,0.1524896629873973
0.27544,21.521059,0.119548,0.16638186135153074
0.33051,21.962505,0.12568,0.12765390753784234
0.36193,22.096096,0.13291,0.1564120475073132
0.33103,22.092013,0.136212,0.13785496872715905
0.1605,20.35959,0.113217,0.11534224238203453
0.30021,21.702057,0.128841,0.1429025712153214
0.11635,19.462745,0.111949,0.12359470944510531
0.21829,21.161023,0.114544,0.14797562731808234
0.11967,19.648787,0.111976,0.11494390658968835
0.15473,19.866725,0.111655,0.11380015713686867
0.1781,20.91017,0.117139,0.14806653671768646
0.25037,21.337855,0.115791,0.1422157963352876
0.25174,21.405599,0.115824,0.11875844820603712
0.12953,20.11706,0.112137,0.13896792588453638
0.30929,21.575751,0.120483,0.15810845566003104
0.27852,21.447891,0.118155,0.1448482787514232
0.18581,20.479366,0.114889,0.1307546478256127
0.06651,18.639629,0.112612,0.1824507576407947
0.258,21.525113,0.117106,0.15009713961055354
0.29888,21.522329,0.124118,0.16253535846455072
0.27044,21.678524,0.118685,0.16689796348997193
0.27916,21.551471,0.11948,0.12635149647847468
0.29287,21.783514,0.119196,0.16645412905722706
0.18965,20.949871,0.113593,0.1400764403479043
0.26576,20.925675,0.114629,0.17000841132249897
0.12376,19.60877,0.111795,0.14767452681285287
0.18255,20.273166,0.112208,0.14073182386088087
0.05634,17.716443,0.112867,0.14181514213707927
0.31288,21.594837,0.118305,0.1206566650430717
0.30915,21.797035,0.122358,0.15020774657613367
0.20061,20.954698,0.120729,0.1396090394751715
0.3264,21.644769,0.11903,0.14514515524057287
0.21163,20.83092,0.114069,0.11560295312013011
0.17969,20.567027,0.113497,0.14259683057687503
0.3024,22.0549,0.118973,0.14733756147853133
0.10924,19.47415,0.112096,0.14152960782747898
0.08522,18.716573,0.128423,0.1528843970542122
0.20231,20.782139,0.117808,0.13587627881764353
0.12649,19.808548,0.118731,0.1493766430254409
0.21457,20.88535,0.114262,0.12024020401987015
0.32045,21.537605,0.117246,0.14339408904383052
0.21835,21.098936,0.116348,0.1565099973362724
0.1901,20.632628,0.114249,0.14153825074212273
0.09243,18.939486,0.122156,0.14774951557189622
0.37986,21.922589,0.118539,0.12491421741791445
0.21134,21.20352,0.115658,0.14208918428663034
0.25833,21.619985,0.119891,0.12178048310310646
0.18327,21.108509,0.117564,0.14381376748969482
0.21295,20.819745,0.121443,0.15327280684051559
0.11651,19.419454,0.113022,0.1402853949275191
0.14401,19.969519,0.114616,0.16611279517755398
0.25249,21.349051,0.126796,0.13303056188759785
0.25539,21.432154,0.130119,0.1613252561492775
0.21698,21.069215,0.124622,0.13048471330408784
1.265901,25.735598,0.128614,0.1521497605231109
0.935774,24.481915,0.119916,0.14520600936824204
0.049519,17.762489,0.139446,0.16446046709267245
0.030325,16.239518,0.143169,0.18126204312596722
0.074579,18.465664,0.141947,0.1673102713944664
0.025198,16.317246,0.148276,0.19233812380960774
0.014411,14.476032,0.156643,0.19658809477737965
0.020792,15.116795,0.14683,0.18786108547168567
0.035218,16.754961,0.14465,0.2234660089848118
0.041657,17.62515,0.141016,0.17613344304220024
0.0424,17.347518,0.142756,0.1685712205345859
0.018902,15.783958,0.149087,0.17152678628042328
0.07884,18.314101,0.138584,0.17114797022518263
0.063345,18.292783,0.141293,0.1637511130112098
0.027637,16.067616,0.144083,0.1944793429937997
0.049325,17.841201,0.140167,0.1866448089294208
0.070153,18.445046,0.146379,0.17898642559786485
0.023909,16.695978,0.145547,0.17626916293702652
0.053126,17.645061,0.139575,0.19360532831768862
0.024951,16.311743,0.145319,0.17827027880356278
0.015664,14.780119,0.154751,0.18820352052844283
0.048984,17.075749,0.139079,0.14810746534108266
0.022399,16.021035,0.149213,0.17920140120735664
0.034854,16.664677,0.141007,0.19852352610761276
0.016966,15.351431,0.153258,0.209387598872044
0.030721,16.647115,0.142617,0.16901275062139542
0.030482,16.849731,0.1417,0.18084444761534704
0.01055,14.449314,0.17309,0.21555401350404033
0.014256,15.128363,0.1564,0.187119406131486
0.027688,16.076604,0.143171,0.16815390416228818
0.05386,17.557966,0.140685,0.14611854790672538
0.017672,14.836398,0.150611,0.1917837206052693
0.01745,15.122099,0.150702,0.21997842320532257
0.015573,14.726182,0.153276,0.19732822211457743
0.01006,14.148421,0.174566,0.22637937210399714
0.054931,17.892389,0.143919,0.17522793807321366
0.039083,16.773853,0.139901,0.15177943215824732
0.078317,18.420978,0.138307,0.1645712611405163
0.031764,16.789918,0.140686,0.14342102758055042
0.01444,14.843842,0.157099,0.2074257233753808
0.013533,14.381711,0.158393,0.23020745215153224
0.026677,16.034919,0.142999,0.17428108576799145
0.02336,15.581359,0.144317,0.1772111280162733
0.036934,17.077342,0.140956,0.18334608416243856
0.023552,16.554284,0.144309,0.17221351838929486
0.017483,15.364415,0.150122,0.1890687897168647
0.040259,16.947362,0.142119,0.16959003060135933
0.030381,16.215141,0.142175,0.18340037206532597
0.015504,14.71178,0.153374,0.20773980977920434
0.014151,15.283561,0.157186,0.18541071639123236
0.015487,15.285545,0.153742,0.18194933039494812
0.015554,15.047556,0.153417,0.20319525940631586
0.037075,16.620416,0.139296,0.15075147584093498
0.015482,15.08025,0.154168,0.20010839111666456
0.013324,14.882717,0.158624,0.1827053877758398
0.014575,14.66139,0.155333,0.20106579276271735
0.015791,14.557266,0.152742,0.1923287843080177
0.024746,16.341106,0.147523,0.16979585022705942
0.027748,16.657319,0.141846,0.16444269347985638
0.010888,14.557203,0.169021,0.25168408812020676
0.013652,14.685508,0.157774,0.1941340933120713
0.035755,16.778327,0.142258,0.15135720970905217
0.024725,16.238326,0.145176,0.1691130536832979
0.038086,16.644355,0.138952,0.1661568806306257
0.021541,15.7472,0.145405,0.17340362353601496
0.019581,15.660096,0.147459,0.1923026243325868
0.030416,16.684369,0.140939,0.17275594524177743
0.039219,16.699328,0.138984,0.16410132024855864
0.034971,16.971121,0.140126,0.1768671999077274
0.028561,16.482973,0.14269,0.16585712415992265
0.020997,15.875946,0.145587,0.18449262405987943
0.032538,17.000951,0.14043,0.17414705560560018
0.015469,15.064971,0.153515,0.2039537719496749
0.015678,14.68323,0.151905,0.22862906054895998
0.027499,17.152881,0.140928,0.14986617499542718
0.046856,17.452691,0.137271,0.16458257028318643
0.033173,17.370053,0.143111,0.17240077638766593
0.010291,14.157498,0.173593,0.24220290510850606
0.080103,18.471039,0.136253,0.16383194105115767
0.012317,14.875843,0.16145,0.19891837674609153
0.024586,15.865712,0.142334,0.2024188454022994
0.014467,15.638553,0.154784,0.20501401089023158
0.015154,14.834769,0.153758,0.19627553649219762
0.029086,16.284531,0.141059,0.17325771622845546
0.034781,16.450122,0.141596,0.19523610520264945
0.04492,17.322622,0.111373,0.1397865752882944
0.034074,16.764211,0.138969,0.16323422305353127
0.07487,18.411792,0.110074,0.13869947286630185
0.01496,15.489034,0.153548,0.2162305151027486
0.020396,15.541531,0.145393,0.1654984438588472
0.040689,17.617164,0.139014,0.17773852525296815
0.026567,16.16147,0.142099,0.17463682074493914
0.026881,15.922518,0.141195,0.15668113198429476
0.023471,16.158253,0.143695,0.16874016231564434
0.069122,18.394173,0.145157,0.16837845532332812
0.065193,18.095053,0.139912,0.14243817570203574
0.02298,16.454585,0.145076,0.16707321173204281
0.017387,14.99845,0.148936,0.19667861702940664
0.031485,16.462073,0.140346,0.14257522090448607
0.011184,14.342973,0.166533,0.18932628582803812
0.021956,16.206993,0.145024,0.17378674511106995
0.031484,16.911564,0.140272,0.14652075922346294
0.023321,16.024534,0.144025,0.1967205807842687
0.02039,15.743711,0.147727,0.17464969389552332
0.022466,15.970889,0.145994,0.16855712543879597
0.033614,16.968737,0.139809,0.18403074535006372
0.036969,17.409901,0.141722,0.16978256543974118
0.022629,15.990616,0.145184,0.17083563083411493
0.0147,15.058086,0.155008,0.19128460148767856
0.03695,18.130272,0.114021,0.14303528475407737
0.060959,17.836262,0.11093,0.12202429514223796
0.059289,18.195512,0.111086,0.11503113016410818
0.069751,18.412215,0.111409,0.17887880513744495
0.029526,16.835065,0.142005,0.16665601104049624
0.033255,16.841219,0.139885,0.16825877163631026
0.024159,16.150168,0.14338,0.18606662439701538
0.015999,15.719765,0.153171,0.19477932872484185
0.062961,17.798492,0.140212,0.14814085027604643
0.021706,15.90219,0.146331,0.18195843739739026
0.031638,16.58094,0.14121,0.170541354973156
0.018599,15.89331,0.149282,0.1632915012408178
0.027064,16.504006,0.141685,0.18589363532945394
0.025468,15.797848,0.143429,0.1936656545030636
0.02381,15.895501,0.144315,0.1849566916129287
0.023867,16.068268,0.14435,0.17596021888483773
0.022068,15.71854,0.144685,0.1608031668494747
